City_ID,City,Lat,Lng,Max Temp,Humidity,Cloudiness,Wind Speed,Country,Date
0,howrah,22.5892,88.3103,39.07,29,2,3.63,IN,1714189405
1,maine soroa,13.2114,12.0241,29.41,15,99,2.24,NE,1714189406
2,lompoc,34.6391,-120.4579,12.64,87,46,8.2,US,1714189318
3,iquique,-20.2208,-70.1431,18.33,83,59,0.45,CL,1714189407
4,blackmans bay,-43.0167,147.3167,14.89,61,53,1.43,AU,1714189251
5,saint-philippe,-21.3585,55.7679,25.37,85,58,5.27,RE,1714189408
6,saipan,15.1355,145.701,27.89,78,5,8.07,MP,1714189409
7,edinburgh of the seven seas,-37.0676,-12.3116,16.05,81,11,12.49,SH,1714189302
8,lihue,21.9789,-159.3672,23.34,73,83,5.89,US,1714189410
9,hobyo,5.3505,48.5268,28.1,65,99,4.48,SO,1714189411
10,st. john's,47.5649,-52.7093,0.32,79,100,2.94,CA,1714189181
11,grytviken,-54.2811,-36.5092,4.35,99,96,2.1,GS,1714189249
12,anadyr,64.75,177.4833,-1.01,81,100,3.3,RU,1714189319
13,petropavlovsk-kamchatsky,53.0452,158.6483,1.36,99,100,1.38,RU,1714189288
14,atafu village,-8.5421,-172.5159,29.48,76,90,5.54,TK,1714189268
15,hawaiian paradise park,19.5933,-154.9731,22.99,78,85,4.43,US,1714189290
16,bubaque,11.2833,-15.8333,24.93,79,12,5.1,GW,1714189415
17,iqaluit,63.7506,-68.5145,-19.9,88,71,2.24,CA,1714189310
18,edmundston,47.3737,-68.3251,-2.11,79,11,0.38,CA,1714189416
19,waitangi,-43.9535,-176.5597,11.7,64,45,10.82,NZ,1714189262
20,adamstown,-25.066,-130.1015,23.48,87,100,7.29,PN,1714189265
21,kaiama,9.6225,3.9481,27.6,69,80,3.79,NG,1714189418
22,havlickuv brod,49.6078,15.5807,3.43,93,44,3.12,CZ,1714189419
23,jamestown,42.097,-79.2353,8.56,70,100,5.91,US,1714189338
24,happy valley-goose bay,53.3168,-60.3315,-8.18,88,11,2.8,CA,1714189330
25,huai khot,15.2909,99.6166,41.28,17,5,1.52,TH,1714189420
26,west island,-12.1568,96.8225,27.66,80,87,9.0,CC,1714189421
27,avarua,-21.2078,-159.775,26.35,83,86,9.31,CK,1714189371
28,ushuaia,-54.8,-68.3,-4.34,92,72,2.85,AR,1714189278
29,blackfoot,43.1905,-112.345,9.2,61,100,3.31,US,1714189423
30,thompson,55.7435,-97.8558,-1.48,72,13,3.9,CA,1714189270
31,cill airne,52.05,-9.5167,2.15,94,19,1.68,IE,1714189424
32,albany,42.6001,-73.9662,3.86,59,0,1.47,US,1714189263
33,edson,53.5835,-116.4356,0.69,77,96,2.08,CA,1714189425
34,thunder bay,48.4001,-89.3168,4.75,75,100,4.37,CA,1714189261
35,papatowai,-46.5619,169.4708,11.23,90,100,5.43,NZ,1714189324
36,strathaven,55.6771,-4.0668,0.43,87,27,1.42,GB,1714189427
37,cockburn town,21.4612,-71.1419,25.53,81,100,11.24,TC,1714189428
38,tukrah,32.5341,20.5791,16.64,55,39,1.97,LY,1714189428
39,sao felix do xingu,-6.6447,-51.995,22.31,99,69,0.3,BR,1714189430
40,severo-yeniseyskiy,60.3725,93.0408,1.36,78,100,4.22,RU,1714189431
41,kichmengskiy gorodok,59.9816,45.7854,13.09,98,100,2.88,RU,1714189432
42,mantua,45.1667,10.7833,9.38,91,84,1.26,IT,1714189432
43,mahina,-17.5065,-149.489,27.77,80,29,10.95,PF,1714189433
44,bethel,41.3712,-73.414,4.08,71,0,1.25,US,1714189264
45,harstad,68.799,16.5293,1.8,73,8,2.09,NO,1714189434
46,colonia,50.9333,6.95,6.37,93,80,2.77,DE,1714189173
47,punta arenas,-53.15,-70.9167,3.36,82,100,7.41,CL,1714189003
48,mount pearl,47.5166,-52.7813,-0.28,79,100,2.64,CA,1714189150
49,flying fish cove,-10.4217,105.6791,28.51,80,98,7.34,CX,1714189437
50,karaton,-6.3424,106.1045,30.63,69,74,3.34,ID,1714189437
51,bredasdorp,-34.5322,20.0403,15.63,89,33,7.8,ZA,1714189327
52,margaret river,-33.95,115.0667,19.64,48,29,4.27,AU,1714189337
53,constantia,44.1833,28.65,12.0,76,6,2.56,RO,1714189439
54,shaping,22.7545,112.9565,31.62,67,80,6.1,CN,1714189440
55,sitka,57.0531,-135.33,10.78,74,64,1.12,US,1714189246
56,ilulissat,69.2167,-51.1,0.38,95,99,1.27,GL,1714189254
57,college,64.8569,-147.8028,8.96,66,59,3.0,US,1714189280
58,buka,40.8108,69.1986,20.0,43,100,1.86,UZ,1714189442
59,concordia,-31.393,-58.0209,20.37,98,100,2.43,AR,1714189443
60,port-aux-francais,-49.35,70.2167,7.01,97,100,11.05,TF,1714189247
61,port alfred,-33.5906,26.891,18.25,71,59,5.41,ZA,1714189445
62,alofi,-19.0595,-169.9187,27.53,74,11,6.49,NU,1714189446
63,barra do corda,-5.5,-45.25,23.78,92,100,0.83,BR,1714189446
64,puerto natales,-51.7236,-72.4875,3.58,84,100,8.22,CL,1714189245
65,labrador city,52.9463,-66.9114,-13.16,95,31,1.99,CA,1714189448
66,tazovsky,67.4667,78.7,-2.56,92,99,1.52,RU,1714189244
67,tura,25.5198,90.2201,33.69,40,3,3.48,IN,1714189449
68,talnakh,69.4865,88.3972,-7.09,90,100,2.63,RU,1714189450
69,enewetak,11.3474,162.3373,27.86,72,87,7.73,MH,1714189309
70,nizhnyaya salda,58.0776,60.7202,6.5,89,100,2.74,RU,1714189451
71,port elizabeth,-33.918,25.5701,17.13,77,35,5.67,ZA,1714189332
72,afaahiti,-17.75,-149.2833,26.02,83,60,7.98,PF,1714189453
73,kingston,17.997,-76.7936,24.0,80,0,1.55,JM,1714189454
74,yaren,-0.5472,166.916,28.93,78,87,5.66,NR,1714189454
75,klyuchi,52.2667,79.1667,10.27,25,0,4.37,RU,1714189373
76,udachny,66.4167,112.4,-5.0,83,100,3.28,RU,1714189348
77,port macquarie,-31.4333,152.9167,20.37,66,19,2.89,AU,1714189456
78,sisimiut,66.9395,-53.6735,-0.24,92,38,1.58,GL,1714189458
79,polyarnyy,69.1989,33.4478,-0.07,89,100,4.61,RU,1714189313
80,ulladulla,-35.35,150.4667,19.3,63,6,5.18,AU,1714189459
81,georgetown,5.4112,100.3354,30.79,68,100,1.13,MY,1714189315
82,kargopol',61.5071,38.9456,6.52,90,100,4.66,RU,1714189460
83,susuman,62.7833,148.1667,0.84,91,100,2.0,RU,1714189461
84,fukuecho,32.6881,128.8419,18.44,81,37,3.4,JP,1714189462
85,alice springs,-23.7,133.8833,21.57,22,68,4.9,AU,1714189464
86,pointe aux piments,-20.0628,57.5131,26.26,79,68,6.6,MU,1714189465
87,mchinji,-13.7984,32.8802,12.4,92,11,1.61,MW,1714189465
88,turkeli,41.9476,34.3386,14.11,94,100,1.06,TR,1714189466
89,hanzhong,33.0728,107.0303,23.83,63,100,3.13,CN,1714189467
90,manistee,44.2445,-86.3242,11.11,87,100,8.04,US,1714189467
91,swan hill,-35.3378,143.5544,18.84,31,17,1.76,AU,1714189468
92,palo santo,-25.5633,-59.3378,23.16,70,9,2.39,AR,1714189469
93,aasiaat,68.7098,-52.8699,-4.52,99,63,0.7,GL,1714189333
94,invercargill,-46.4,168.35,10.94,91,100,5.3,NZ,1714189162
95,badger,64.8,-147.5333,9.65,66,69,2.61,US,1714189367
96,jiaojiang,28.6803,121.4428,22.2,83,82,2.52,CN,1714189471
97,pombas,17.1503,-25.0201,17.11,77,55,3.9,CV,1714189471
98,mount gambier,-37.8333,140.7667,16.42,44,99,1.0,AU,1714189472
99,palapag,12.5458,125.1147,32.13,63,78,4.85,PH,1714189474
100,ebaye,8.7748,167.7392,27.87,77,100,8.01,MH,1714189474
101,tolanaro,-25.0319,46.9987,22.09,90,7,1.36,MG,1714189319
102,grand falls-windsor,48.9332,-55.6649,-1.48,74,100,3.19,CA,1714189475
103,druzhny,53.6238,27.8977,5.82,85,16,1.47,BY,1714189476
104,chernyanka,50.9409,37.8069,15.14,91,100,1.57,RU,1714189477
105,yellowknife,62.456,-114.3525,-7.18,56,5,2.83,CA,1714189254
106,balykshi,47.0667,51.8667,21.83,26,100,7.34,KZ,1714189478
107,cidreira,-30.1811,-50.2056,21.97,96,100,2.51,BR,1714189479
108,crane,31.3974,-102.3501,23.87,12,0,4.8,US,1714189480
109,ribeira grande,38.5167,-28.7,13.6,68,72,7.58,PT,1714189326
110,christchurch,-43.5333,172.6333,13.32,53,8,3.59,NZ,1714188953
111,sunne,59.8376,13.143,0.94,91,85,1.51,SE,1714189481
112,zhanaozen,43.3,52.8,19.37,32,0,9.36,KZ,1714189482
113,vera,-29.4593,-60.2126,22.43,97,100,4.68,AR,1714189483
114,dalandzadgad,43.5708,104.425,5.33,74,100,6.47,MN,1714189483
115,yakutsk,62.0339,129.7331,-2.51,62,67,7.11,RU,1714189484
116,hamilton,39.1834,-84.5333,14.75,92,94,4.8,US,1714189330
117,dubinino,55.6192,89.0911,5.69,66,90,3.87,RU,1714189485
118,keflavik,64.0049,-22.5624,3.15,75,2,7.92,IS,1714189273
119,cabo san lucas,22.8909,-109.9124,18.04,79,98,6.53,MX,1714189228
120,mogadishu,2.0371,45.3438,26.38,81,100,4.9,SO,1714189487
121,kanigiri,15.4,79.5167,33.63,35,58,3.04,IN,1714189488
122,princeville,45.7668,-61.2985,-2.72,75,2,1.74,CA,1714189488
123,arraial do cabo,-22.9661,-42.0278,24.13,79,92,8.78,BR,1714189489
124,nkowakowa,-23.8878,30.2871,16.43,93,70,0.5,ZA,1714189490
125,greymouth,-42.4667,171.2,10.19,85,100,0.66,NZ,1714189491
126,vila velha,-20.3297,-40.2925,24.41,74,99,1.63,BR,1714189492
127,i-n-salah,27.1935,2.4607,26.28,12,52,3.8,DZ,1714189492
128,kaset wisai,15.6556,103.5836,39.37,26,6,4.91,TH,1714189493
129,hami,42.8,93.45,13.41,22,100,2.36,CN,1714189493
130,amurzet,47.6967,131.0981,10.91,59,96,7.94,RU,1714189494
131,ust-nera,64.5667,143.2,-1.71,91,100,4.34,RU,1714189495
132,tocopilla,-22.092,-70.1979,18.59,82,4,2.34,CL,1714189495
133,charters towers,-20.1,146.2667,28.97,35,5,4.36,AU,1714189496
134,dodoma,-6.1722,35.7395,18.59,94,100,1.15,TZ,1714189497
135,gazi,35.3253,25.0669,13.33,59,5,1.59,GR,1714189497
136,troitsko-pechorsk,62.7084,56.1964,3.27,100,100,2.79,RU,1714189323
137,nemuro,43.3236,145.575,9.99,74,100,8.22,JP,1714189498
138,sechura,-5.5569,-80.8222,22.78,74,35,5.95,PE,1714189499
139,hammerfest,70.6634,23.6821,0.57,87,47,4.68,NO,1714189499
140,east london,-33.0153,27.9116,18.91,69,95,3.41,ZA,1714189501
141,wailua homesteads,22.0669,-159.378,22.95,73,86,5.65,US,1714189501
142,laminusa,5.5549,120.9136,29.24,74,75,4.59,PH,1714189502
143,vadso,70.0744,29.7487,0.15,82,100,6.55,NO,1714189370
144,kyabe,9.4515,18.9449,30.73,41,100,3.14,TD,1714189503
145,vinh,18.6667,105.6667,41.22,22,0,8.61,VN,1714189297
146,sotouboua,8.5667,0.9833,25.5,80,69,1.58,TG,1714189504
147,masuda,34.6667,131.85,19.49,76,99,0.61,JP,1714189505
148,villa constitucion,-33.2278,-60.3297,16.32,93,100,2.58,AR,1714189506
149,san patricio,28.017,-97.5169,23.68,94,20,6.52,US,1714189321
150,bilibino,68.0546,166.4372,-1.52,79,16,0.84,RU,1714189280
151,mahanoro,-19.9,48.8,23.79,87,81,1.04,MG,1714189508
152,kilindoni,-7.9139,39.6668,26.81,78,100,7.97,TZ,1714189509
153,kuraymah,18.55,31.85,28.0,17,0,3.35,SD,1714189509
154,olonkinbyen,70.9221,-8.7187,-0.9,90,18,2.41,SJ,1714189259
155,san antonio de pale,-1.4014,5.6325,28.4,82,93,2.08,GQ,1714189298
156,zhangjiakou,40.81,114.8794,21.47,30,100,4.33,CN,1714189511
157,kapoeta,4.7717,33.5903,24.91,68,100,4.15,SS,1714189512
158,arawa,-6.2132,155.5367,30.49,73,57,1.54,PG,1714189512
159,walvis bay,-22.9575,14.5053,16.32,71,91,1.41,NA,1714189513
160,chonchi,-42.6128,-73.8092,2.96,91,31,1.4,CL,1714189279
161,puerto santa,-8.9906,-78.6456,19.95,86,69,3.39,PE,1714189514
162,kununurra,-15.7667,128.7333,32.72,26,72,7.04,AU,1714189344
163,luderitz,-26.6481,15.1594,13.87,82,0,0.38,NA,1714189515
164,tadine,-21.55,167.8833,24.67,66,95,4.97,NC,1714189516
165,pingnan,23.5543,110.3976,31.55,67,65,2.04,CN,1714189517
166,okahao,-17.885,15.0667,17.69,29,1,2.37,NA,1714189517
167,utrik,11.2278,169.8474,27.47,73,68,7.2,MH,1714189518
168,dickinson,29.4608,-95.0513,23.39,92,77,8.05,US,1714189519
169,impfondo,1.6381,18.0667,22.21,96,99,0.67,CG,1714189520
170,puerto ayora,-0.7393,-90.3518,24.63,89,45,4.09,EC,1714189310
171,gamawa,12.1343,10.5396,28.2,51,100,3.47,NG,1714189521
172,saint-pierre,-21.3393,55.4781,25.98,78,43,2.61,RE,1714189521
173,minas de marcona,-15.2119,-75.1103,15.2,86,75,4.84,PE,1714189522
174,port lincoln,-34.7333,135.8667,17.32,59,99,2.52,AU,1714189258
175,lebu,-37.6167,-73.65,9.4,77,99,2.04,CL,1714189524
176,geraldton,-28.7667,114.6,24.72,47,4,5.16,AU,1714189524
177,tot'ma,59.9747,42.7642,12.66,98,100,2.26,RU,1714189525
178,prince rupert,54.3161,-130.3201,9.55,80,19,0.17,CA,1714189355
179,cherdyn',60.403,56.4787,6.87,95,100,3.23,RU,1714189526
180,mangai,-4.05,19.5333,21.54,90,100,0.93,CD,1714189526
181,kiruna,67.8557,20.2251,-3.63,97,100,4.0,SE,1714189527
182,isafjordur,66.0755,-23.124,-1.13,82,10,2.75,IS,1714189256
183,la ronge,55.1001,-105.2842,-0.07,51,14,3.6,CA,1714189528
184,yamada,39.4667,141.95,19.57,71,100,5.19,JP,1714189532
185,whitehorse,60.7161,-135.0538,6.18,83,21,1.82,CA,1714189267
186,kirkwall,58.9848,-2.9587,6.51,73,100,4.88,GB,1714189534
187,namibe,-15.1961,12.1522,24.24,76,0,0.92,AO,1714189534
188,tan-tan,28.438,-11.1032,16.53,68,100,6.33,MA,1714189535
189,wakkanai,45.4094,141.6739,8.5,91,100,4.72,JP,1714189536
190,taoudenni,22.6783,-3.9836,27.61,26,3,3.59,ML,1714189536
191,champerico,14.3,-91.9167,29.8,68,74,3.78,GT,1714189537
192,madalena,41.2162,-8.3345,6.17,94,100,1.79,PT,1714189537
193,nadym,65.5333,72.5167,-0.06,100,100,3.83,RU,1714189538
194,zagora,30.3484,-5.8365,18.65,28,0,1.88,MA,1714189539
195,ketchikan,55.3422,-131.6461,10.24,75,13,1.81,US,1714189539
196,aioun,16.6614,-9.6149,29.56,22,0,6.11,MR,1714189540
197,hanak,41.2336,42.8472,11.07,82,37,1.05,TR,1714189540
198,kruisfontein,-34.0033,24.7314,13.5,92,2,3.6,ZA,1714189541
199,oranjemund,-28.55,16.4333,17.29,61,0,4.47,NA,1714189541
200,rio gallegos,-51.6226,-69.2181,3.08,76,55,10.35,AR,1714189542
201,goondiwindi,-28.55,150.3167,24.3,36,2,2.36,AU,1714189543
202,qaqortoq,60.7167,-46.0333,-0.17,94,95,3.21,GL,1714189543
203,portland,45.5234,-122.6762,12.56,88,100,1.34,US,1714189544
204,remire-montjoly,4.9167,-52.2667,26.02,89,0,1.54,GF,1714189304
205,haiku-pauwela,20.9219,-156.3051,24.01,85,75,8.23,US,1714189545
206,laibin,23.7,109.2667,30.61,69,82,3.44,CN,1714189545
207,calca,-13.3333,-71.95,10.64,86,46,1.66,PE,1714189546
208,coahuayana de hidalgo,18.7,-103.6583,22.97,88,85,0.97,MX,1714189546
209,griffith,41.5284,-87.4237,15.62,86,40,7.72,US,1714189367
210,robore,-18.3333,-59.75,24.16,67,30,1.76,BO,1714189548
211,carolina beach,34.0352,-77.8936,17.82,85,7,0.89,US,1714189549
212,mascote,-15.5631,-39.3025,21.99,99,32,1.06,BR,1714189549
213,port mathurin,-19.6833,63.4167,26.05,78,20,7.2,MU,1714189550
214,columbiana,40.8884,-80.694,16.18,64,100,0.45,US,1714189550
215,touros,-5.1989,-35.4608,25.83,89,99,4.46,BR,1714189551
216,san jose de feliciano,-30.3845,-58.7517,21.73,99,93,3.33,AR,1714189551
217,kerikeri,-35.2268,173.9474,19.95,60,51,2.52,NZ,1714189552
218,yuzhno-kurilsk,44.0306,145.8556,10.21,86,73,2.62,RU,1714189552
219,jangaon,17.7167,79.1833,34.16,33,25,3.64,IN,1714189553
220,curuzu cuatia,-29.7917,-58.0546,22.63,92,10,1.8,AR,1714189443
221,conception bay south,47.4999,-52.9981,-0.15,84,100,2.92,CA,1714189554
222,mugia,43.1041,-9.2179,9.39,82,100,5.59,ES,1714189554
223,socorro,31.6546,-106.3033,24.56,14,0,9.77,US,1714189555
224,longyearbyen,78.2186,15.6401,-4.09,86,100,3.09,SJ,1714189555
225,olyokminsk,60.3736,120.4264,-0.19,56,100,4.06,RU,1714189556
226,usogorsk,63.4106,48.6872,3.7,100,100,1.37,RU,1714189556
227,sao joao da barra,-21.6403,-41.0511,24.23,74,58,4.09,BR,1714189557
228,kodiak,57.79,-152.4072,2.73,93,40,7.2,US,1714189557
229,tamandare,-8.7597,-35.1047,26.73,80,99,3.45,BR,1714189558
230,rafraf,37.1904,10.1837,13.17,86,94,6.52,TN,1714189558
231,pokrovsk,48.282,37.1758,16.6,77,50,1.7,UA,1714189423
232,pirallahi,40.4723,50.333,18.08,56,0,1.38,AZ,1714189559
233,fortuna,40.5982,-124.1573,11.48,92,75,4.12,US,1714189560
234,kayangel,8.0823,134.7173,28.61,81,65,8.07,PW,1714189560
235,urangan,-25.3,152.9,24.0,74,15,4.92,AU,1714189561
236,bintulu,3.1667,113.0333,32.23,70,40,1.54,MY,1714189561
237,reggane,26.7158,0.1714,26.25,22,76,5.44,DZ,1714189479
238,kabinda,-6.1333,24.4833,20.15,95,100,2.13,CD,1714189562
239,changzhou,31.7833,119.9667,23.95,57,28,4.5,CN,1714189304
240,warmbad,-28.45,18.7333,20.42,30,16,4.74,NA,1714189564
241,saint croix,17.7397,-64.7388,22.75,94,100,1.79,VI,1714189505
242,tiksi,71.6872,128.8694,-11.86,77,78,4.54,RU,1714189565
243,murzuq,25.9155,13.9184,22.61,19,3,4.81,LY,1714189565
244,sabang,5.8933,95.3214,29.43,74,73,1.88,ID,1714189566
245,raja,8.4596,25.678,27.08,49,86,3.5,SS,1714189566
246,lawton,34.6087,-98.3903,22.13,65,0,5.66,US,1714189567
247,tsiombe,-25.3,45.4833,21.98,94,17,2.86,MG,1714189567
248,carnot,4.9409,15.8665,21.48,90,84,0.98,CF,1714189568
249,gallup,35.5281,-108.7426,5.91,75,100,13.38,US,1714189520
250,kristiansund,63.1115,7.732,3.36,81,75,1.54,NO,1714189569
251,nanao,37.05,136.9667,25.18,54,100,0.79,JP,1714189569
252,peniche,39.3558,-9.3811,12.28,83,60,13.13,PT,1714189570
253,tralee,52.2704,-9.7026,2.52,94,28,2.46,IE,1714189571
254,barsi,18.2333,75.7,35.08,27,0,5.94,IN,1714189571
255,hermanus,-34.4187,19.2345,16.56,85,30,9.07,ZA,1714189572
256,phrai bueng,14.7483,104.3626,38.82,30,5,4.1,TH,1714189387
257,nizhneangarsk,55.7833,109.55,-3.89,81,97,1.79,RU,1714189573
258,booue,-0.0921,11.9385,23.68,98,100,0.75,GA,1714189574
259,bikenibeu village,1.3673,173.1241,31.98,70,40,6.17,KI,1714189575
260,eyl,7.9803,49.8164,29.13,71,99,2.88,SO,1714189576
261,ta`u,-14.2336,-169.5144,29.11,75,31,6.85,AS,1714189578
262,ancud,-41.8697,-73.8203,6.92,79,59,3.44,CL,1714189478
263,tsumeb,-19.2333,17.7167,17.3,34,0,2.94,NA,1714189580
264,opuwo,-18.0607,13.84,17.44,28,3,2.16,NA,1714189581
265,mossendjo,-2.9506,12.7261,22.1,99,100,0.78,CG,1714189583
266,vila franca do campo,37.7167,-25.4333,14.23,65,59,6.07,PT,1714189584
267,ballina,-28.8667,153.5667,19.32,78,17,4.83,AU,1714189585
268,mocorito,25.4833,-107.9167,19.69,42,0,0.59,MX,1714189586
269,vevcani,41.2406,20.5933,7.42,81,100,1.32,MK,1714189586
270,nikolayevsk-on-amure,53.1406,140.73,5.95,51,99,3.16,RU,1714189587
271,rio branco,-9.9747,-67.81,27.34,89,40,1.03,BR,1714189587
272,acarau,-2.8856,-40.12,25.07,91,100,5.76,BR,1714189572
273,rio grande,-32.035,-52.0986,21.08,98,99,3.23,BR,1714189519
274,uturoa,-16.7333,-151.4333,28.35,78,29,8.94,PF,1714189591
275,ravar,31.2656,56.8055,18.02,43,5,0.96,IR,1714189522
276,amherstburg,42.1168,-83.0499,14.19,59,100,6.69,CA,1714189592
277,yongning,24.68,118.69,23.89,93,100,4.65,CN,1714189592
278,farmville,37.3021,-78.3919,13.21,66,100,2.57,US,1714189593
279,bischofshofen,47.4167,13.2167,5.85,96,18,2.57,AT,1714189593
280,mount isa,-20.7333,139.5,28.87,32,0,4.12,AU,1714189594
281,kone,-21.0595,164.8658,24.9,72,98,3.27,NC,1714189594
282,betio village,1.358,172.9211,32.02,77,22,5.33,KI,1714189595
283,hithadhoo,-0.6,73.0833,29.58,73,100,2.21,MV,1714189595
284,fauske,67.2588,15.3918,4.02,73,100,2.82,NO,1714189596
285,jinja,0.439,33.2032,20.11,87,99,1.51,UG,1714189596
286,pundong,-7.9522,110.3486,30.9,66,88,2.45,ID,1714189597
287,tateyama,34.9833,139.8667,17.42,86,100,6.4,JP,1714189598
288,kargasok,59.0556,80.8572,5.54,67,99,4.02,RU,1714189598
289,narvik,68.4384,17.4272,1.56,75,33,3.41,NO,1714189599
290,manokwari,-0.8667,134.0833,29.63,72,100,3.67,ID,1714189599
291,lander,42.833,-108.7307,6.55,93,100,4.12,US,1714189600
292,san julian,21.0167,-102.1667,17.49,20,32,3.36,MX,1714189600
293,sangueya,10.7,-14.3667,22.55,83,4,1.0,GN,1714189601
294,sept-iles,50.2001,-66.3821,2.0,74,0,1.54,CA,1714189601
295,richards bay,-28.783,32.0377,20.31,76,98,4.33,ZA,1714189602
296,panacan,9.2463,118.4082,31.72,60,64,3.23,PH,1714189602
297,baruun-urt,46.6806,113.2792,7.38,20,100,4.73,MN,1714189603
298,weno,7.4515,151.8468,28.62,82,100,10.29,FM,1714189604
299,santa cruz,-17.8,-63.1667,24.7,94,5,4.12,BO,1714189604
300,hun,29.1268,15.9477,22.69,23,76,7.42,LY,1714189605
301,kargil,34.5667,76.1,3.69,49,89,1.21,IN,1714189605
302,acapulco de juarez,16.8634,-99.8901,26.39,77,28,3.41,MX,1714189606
303,karungdong,5.8844,121.263,30.69,67,48,3.88,PH,1714189606
304,igarka,67.4667,86.5833,-3.57,89,100,3.81,RU,1714189607
305,daru,-9.0763,143.2092,28.04,83,89,5.76,PG,1714189328
306,lake munmorah,-33.1936,151.5719,23.38,66,23,1.79,AU,1714189608
307,soria,41.6667,-2.6667,6.73,88,100,6.45,ES,1714189608
308,sheringham,52.9408,1.2093,5.11,78,91,5.43,GB,1714189609
309,toliara,-23.35,43.6667,21.92,89,4,4.07,MG,1714189481
310,gua musang,4.8823,101.9644,33.73,55,99,0.45,MY,1714189549
311,stanley,54.868,-1.6985,0.43,96,20,0.0,GB,1714189610
312,ulsteinvik,62.3432,5.8487,4.31,78,100,0.89,NO,1714189611
313,buncrana,55.1333,-7.45,2.27,87,57,0.59,IE,1714189611
314,bela,25.9333,81.9833,37.54,20,78,6.16,IN,1714189612
315,soio,-6.1349,12.3689,25.74,88,96,2.07,AO,1714189612
316,narrabri,-30.3167,149.7833,25.85,42,1,1.34,AU,1714189411
317,luis correia,-2.8792,-41.6669,24.98,89,98,2.12,BR,1714189613
318,rongelap,11.1635,166.8941,27.67,73,62,7.51,MH,1714189615
319,muynoq,43.7683,59.0214,16.61,49,4,7.39,UZ,1714189616
320,wagar,16.1525,36.2032,30.4,14,0,2.63,SD,1714189616
321,laela,-8.5667,32.05,15.32,95,100,1.83,TZ,1714189618
322,parfino,57.9731,31.6481,4.78,82,1,0.92,RU,1714189618
323,santa rosa,14.3122,121.1114,35.05,64,5,2.09,PH,1714189572
324,hassi messaoud,31.6804,6.0729,17.92,45,18,2.57,DZ,1714189619
325,fisterra,42.9049,-9.2629,9.3,82,100,4.54,ES,1714189620
326,montepuez,-13.1256,38.9997,17.63,84,100,3.92,MZ,1714189620
327,shrewsbury,52.7101,-2.7521,5.35,92,100,2.02,GB,1714189622
328,newport,51.5877,-2.9984,7.47,82,98,6.54,GB,1714189622
329,port huron,42.9709,-82.4249,13.26,47,100,8.23,US,1714189624
330,wotje,9.4543,170.2367,28.01,76,100,7.02,MH,1714189624
331,val-d'or,48.1002,-77.7828,6.05,49,0,3.6,CA,1714189625
332,horta,38.5333,-28.6333,14.45,69,71,4.92,PT,1714189625
333,santana do ipanema,-9.3783,-37.2453,22.89,94,38,1.2,BR,1714189545
334,tazacorte,28.629,-17.9293,18.54,83,100,1.54,ES,1714189626
335,mamuju,-2.6748,118.8885,30.34,72,59,2.53,ID,1714189627
336,bamboo flat,11.7,92.7167,32.05,70,40,3.09,IN,1714189627
337,sidareja,-7.4846,108.7923,32.94,59,57,1.84,ID,1714189628
338,grande prairie,55.1667,-118.8027,7.1,45,75,4.12,CA,1714189511
339,esquipulas,14.5667,-89.35,21.49,79,76,1.62,GT,1714189629
340,rouissat,31.9243,5.3502,18.04,45,0,3.09,DZ,1714189629
341,samarkand,39.6542,66.9597,16.68,55,100,1.03,UZ,1714189630
342,valdivia,-39.8142,-73.2459,7.05,97,99,0.72,CL,1714189631
343,iskushuban,10.2837,50.23,26.47,73,43,1.14,SO,1714189631
344,turaif,31.6725,38.6637,21.14,17,0,4.12,SA,1714189344
345,porto novo,6.4965,2.6036,27.63,84,99,3.19,BJ,1714189632
346,rampur,28.8167,79.0333,28.28,22,97,2.79,IN,1714189459
347,nar'yan-mar,67.6713,53.087,0.06,97,100,5.81,RU,1714189634
348,egilsstadir,65.2653,-14.3948,-0.05,93,100,1.03,IS,1714189634
349,vorkuta,67.5,64.0,-2.72,96,100,2.24,RU,1714189635
350,callao,-12.0667,-77.15,23.73,78,0,5.66,PE,1714189348
351,kuching,1.55,110.3333,32.12,70,20,1.54,MY,1714189295
352,solleftea,63.1667,17.2667,0.92,99,100,1.6,SE,1714189636
353,aral,40.5156,81.2636,20.31,23,58,13.54,CN,1714189637
354,malaya purga,56.5567,53.0043,13.61,80,100,3.84,RU,1714189637
355,kochubey,44.3861,46.5825,18.52,49,8,9.43,RU,1714189638
356,pacific grove,36.6177,-121.9166,13.72,82,75,6.69,US,1714189638
357,nogliki,51.8333,143.1667,6.86,66,93,3.58,RU,1714189639
358,santa rosalia,27.3167,-112.2833,16.76,58,0,5.35,MX,1714189639
359,dzhalagash,45.0833,64.6667,15.75,16,2,8.05,KZ,1714189640
360,sao miguel do araguaia,-13.275,-50.1628,25.48,68,17,1.37,BR,1714189620
361,saldanha,-33.0117,17.9442,21.03,72,0,6.72,ZA,1714189641
362,mora,11.0461,14.1401,28.9,24,68,1.71,CM,1714189641
363,saint-joseph,-21.3667,55.6167,24.21,81,47,4.38,RE,1714189642
364,saint-benoit,-21.038,55.7194,26.04,81,69,3.59,RE,1714189642
365,khanty-mansiysk,61.0042,69.0019,2.06,75,40,4.0,RU,1714189643
366,dampit,-8.2116,112.7493,31.38,55,26,1.13,ID,1714189643
367,amga,60.8953,131.9608,-2.61,57,100,5.33,RU,1714189644
368,verkhnyaya khava,51.8404,39.9413,15.62,79,100,4.97,RU,1714189645
369,yankton,42.8711,-97.3973,13.4,100,100,5.66,US,1714189645
370,kapuskasing,49.4169,-82.4331,10.0,32,20,5.66,CA,1714189646
371,kavaratti,10.5669,72.642,29.79,71,28,2.99,IN,1714189647
372,norilsk,69.3535,88.2027,-6.5,86,100,1.99,RU,1714189647
373,mandalgovi,45.7625,106.2708,2.41,49,100,7.25,MN,1714189648
374,doctor alberto oviedo mota,32.2275,-115.1697,20.56,40,1,7.71,MX,1714189648
375,kolonia,50.9333,6.95,8.79,85,0,2.57,DE,1714189649
376,seybaplaya,19.65,-90.6667,29.01,55,63,7.62,MX,1714189649
377,alesund,62.4723,6.1549,4.31,93,100,2.06,NO,1714189650
378,ceeldheer,3.8488,47.1806,27.11,72,100,5.91,SO,1714189650
379,guerrero negro,27.9769,-114.0611,15.72,81,1,9.89,MX,1714189651
380,az zuwaytinah,30.9522,20.1202,17.44,54,16,6.98,LY,1714189651
381,malur,13.0075,77.9378,33.33,36,4,3.7,IN,1714189652
382,si sa ket,14.8333,104.3333,39.0,29,5,4.43,TH,1714189653
383,new plymouth,-39.0667,174.0833,13.51,69,60,5.45,NZ,1714189474
384,kribi,2.95,9.9167,26.2,89,100,1.3,CM,1714189654
385,calingasta,-31.3308,-69.4078,18.02,17,94,0.75,AR,1714189654
386,makubetsu,45.3714,141.8211,17.84,59,0,6.17,JP,1714189656
387,mansfield,53.1333,-1.2,4.35,94,96,2.86,GB,1714189125
388,vorgashor,67.5833,63.95,-2.89,96,99,4.07,RU,1714189476
389,manado,1.487,124.8455,30.43,79,40,2.06,ID,1714189266
390,kaisiadorys,54.8667,24.45,6.06,82,47,2.86,LT,1714189658
391,jayapura,-2.5333,140.7,31.66,64,100,1.93,ID,1714189192
392,benguela,-12.5763,13.4055,24.95,85,6,2.08,AO,1714189660
393,chifeng,42.2683,118.9636,13.61,23,98,5.15,CN,1714189487
394,new norfolk,-42.7826,147.0587,17.72,60,92,1.49,AU,1714189661
395,barsinghausen,52.3105,9.4561,7.57,93,20,3.09,DE,1714189662
396,helena valley southeast,46.6153,-111.9216,13.08,43,100,4.63,US,1714189662
397,labytnangi,66.6572,66.4183,-3.12,97,99,1.3,RU,1714189663
398,benghazi,32.1167,20.0667,17.55,60,47,5.36,LY,1714189656
399,chela,34.069,104.4619,16.85,48,5,0.38,CN,1714189664
400,ola,59.5833,151.2833,0.08,95,100,8.36,RU,1714189664
401,black point,-34.6187,137.8972,17.15,50,86,1.64,AU,1714189665
402,visby,57.6409,18.296,5.46,93,100,6.69,SE,1714189665
403,priob'ye,62.5206,65.5964,1.13,100,100,3.65,RU,1714189666
404,mingshui,36.7167,117.5,28.66,31,89,2.14,CN,1714189463
405,newman,37.3138,-121.0208,18.13,65,75,3.58,US,1714189667
406,robertsport,6.7533,-11.3686,26.84,87,30,3.34,LR,1714189669
407,hasaki,35.7333,140.8333,20.22,76,100,6.32,JP,1714189632
408,caleta de carquin,-11.0925,-77.6267,20.04,88,54,3.14,PE,1714189676
409,fale old settlement,-9.3852,-171.2468,29.82,72,100,5.56,TK,1714189682
410,ghanzi,-21.5667,21.7833,18.81,42,2,3.97,BW,1714189683
411,taltal,-25.4,-70.4833,18.44,71,0,1.25,CL,1714189683
412,bhigvan,18.3167,74.7667,34.76,28,0,7.07,IN,1714189684
413,velikiye luki,56.34,30.5452,4.67,80,12,1.37,RU,1714189684
414,altai,46.3722,96.2583,-5.2,61,100,3.98,MN,1714189685
415,dudinka,69.4058,86.1778,-8.34,92,100,3.49,RU,1714189685
416,yeraliyev,43.2,51.65,20.69,34,0,9.91,KZ,1714189686
417,hojai,26.0,92.8667,34.04,34,0,1.07,IN,1714189686
418,porto-vecchio,41.591,9.2795,13.81,82,75,5.66,FR,1714189687
419,mejit,10.2753,170.8646,27.71,78,100,7.37,MH,1714189687
420,khor,47.8861,134.9464,11.54,53,99,4.15,RU,1714189688
421,mount carmel,38.4109,-87.7614,21.89,89,100,5.3,US,1714189689
422,wewak,-3.5534,143.6268,29.38,79,85,2.67,PG,1714189689
423,tidjikja,18.5564,-11.4271,27.41,32,0,5.91,MR,1714189690
424,northam,51.0333,-4.2167,7.59,93,100,7.17,GB,1714189690
425,saurimo,-9.6608,20.3916,14.99,68,3,2.33,AO,1714189691
426,holualoa,19.6228,-155.9522,23.91,84,75,4.12,US,1714189692
427,shangrao,28.4532,117.9686,28.38,65,2,2.36,CN,1714189499
428,cruzeiro do sul,-29.5128,-51.9853,23.62,93,0,1.87,BR,1714189693
429,arac,41.2422,33.3277,12.7,88,99,1.49,TR,1714189693
430,wolmaransstad,-27.1974,25.9831,14.66,67,37,5.24,ZA,1714189694
431,karratha,-20.7377,116.8463,32.01,39,0,4.34,AU,1714189694
432,broome,42.2506,-75.833,7.61,72,43,1.84,US,1714189695
433,hafar al-batin,28.4328,45.9708,24.32,31,0,6.17,SA,1714189695
434,batticaloa,7.7102,81.6924,29.96,67,44,2.27,LK,1714189427
435,igrim,63.1906,64.4162,2.58,99,100,3.78,RU,1714189696
436,tupiza,-21.45,-65.7167,17.92,31,0,2.65,BO,1714189697
437,puerto aysen,-45.4,-72.7,3.07,99,99,2.42,CL,1714189698
438,ahiri,19.4,80.0167,38.57,25,18,2.27,IN,1714189698
439,shilovo,54.3204,40.874,14.95,80,99,2.21,RU,1714189699
440,chita,52.0333,113.55,3.94,24,40,5.81,RU,1714189699
441,winnemucca,40.973,-117.7357,7.03,76,100,3.09,US,1714189700
442,carnarvon,-24.8667,113.6333,29.24,44,11,1.8,AU,1714189700
443,puerto baquerizo moreno,-0.9,-89.6,24.96,87,71,4.05,EC,1714189701
444,richfield,44.8833,-93.283,10.32,92,100,8.23,US,1714189544
445,sejenane,37.0572,9.2381,12.53,67,90,4.02,TN,1714189702
446,tonghae,37.5439,129.1069,22.85,49,0,2.26,KR,1714189695
447,ixtapa,20.7,-105.2,22.13,54,13,1.11,MX,1714189703
448,dellys,36.9172,3.9131,16.1,60,50,2.5,DZ,1714189703
449,ouesso,1.6136,16.0517,22.57,93,100,1.17,CG,1714189704
450,anapskaya,44.89,37.38,13.13,94,0,2.0,RU,1714189704
451,howard springs,-12.497,131.047,32.21,49,52,4.92,AU,1714189705
452,bardai,11.65,7.2333,27.45,50,93,6.18,NG,1714189707
453,china,25.7,-99.2333,25.6,80,0,9.29,MX,1714189589
454,kailua-kona,19.6406,-155.9956,25.98,81,75,4.12,US,1714189708
455,xining,36.6167,101.7667,19.89,42,38,1.77,CN,1714189709
456,calatayud,41.3535,-1.6432,13.46,73,100,3.06,ES,1714189709
457,kidal,18.4411,1.4078,29.05,11,31,4.73,ML,1714189710
458,sihanoukville,10.6093,103.5296,34.97,55,40,2.57,KH,1714189657
459,mont-dore,-22.2833,166.5833,26.11,99,100,4.75,NC,1714189711
460,galliano,29.4422,-90.2992,24.0,77,88,8.47,US,1714189713
461,wegscheid,48.6014,13.7873,3.15,82,35,1.18,DE,1714189715
462,bandar abbas,27.1865,56.2808,25.99,53,0,3.09,IR,1714189421
463,kupang,-10.1667,123.5833,34.32,62,20,7.72,ID,1714189472
464,tabuk,17.4189,121.4443,35.08,44,9,3.08,PH,1714189719
465,mashhad,36.297,59.6062,13.08,71,40,2.06,IR,1714189719
466,shimoda,34.6667,138.95,18.95,86,100,4.53,JP,1714189724
467,dakhla,23.6848,-15.958,17.5,89,29,7.21,EH,1714189726
468,puerto deseado,-47.7503,-65.8938,6.05,49,62,10.41,AR,1714189727
469,inverell,-29.7833,151.1167,25.06,38,2,1.34,AU,1714189728
470,kirtland,36.7342,-108.3598,12.61,43,100,9.77,US,1714189728
471,nuuk,64.1835,-51.7216,0.34,93,100,6.17,GL,1714189729
472,fort wellington,6.4,-57.6,25.96,85,100,4.12,GY,1714189730
473,santo antonio do ica,-3.1022,-67.9397,23.98,98,93,0.98,BR,1714189731
474,veinticinco de mayo,-35.4323,-60.1727,10.55,99,81,0.89,AR,1714189732
475,borgarnes,64.5383,-21.9206,1.03,79,11,5.27,IS,1714189733
476,williams lake,52.1415,-122.1445,13.76,26,75,2.06,CA,1714189733
477,waingapu,-9.6567,120.2641,29.99,74,84,6.78,ID,1714189734
478,saint-francois,46.4154,3.9054,10.38,76,0,2.57,FR,1714189734
479,mhamid,29.82,-5.72,18.71,35,0,6.07,MA,1714189735
480,bantay,17.5847,120.3892,35.54,69,54,4.19,PH,1714189735
481,mana,5.6592,-53.7767,26.09,82,85,3.97,GF,1714189736
482,hovd,48.0056,91.6419,-2.37,86,100,3.57,MN,1714189736
483,katsuura,35.1333,140.3,17.6,86,100,6.22,JP,1714189630
484,prado,-17.3411,-39.2208,24.08,91,14,3.95,BR,1714189557
485,page,36.9147,-111.4558,10.88,62,100,3.09,US,1714189738
486,weyburn,49.6668,-103.8511,11.12,30,100,6.69,CA,1714189738
487,el calafate,-50.3408,-72.2768,3.34,66,100,4.83,AR,1714189739
488,plastun,44.7561,136.2939,12.79,68,91,2.09,RU,1714189739
489,hadibu,12.65,54.0333,27.88,69,75,0.81,YE,1714189740
490,sinabang,2.4803,96.3801,29.47,73,91,2.06,ID,1714189740
491,isangel,-19.55,169.2667,27.06,78,75,1.03,VU,1714189589
492,cold lake,54.4502,-110.2017,5.97,33,75,5.14,CA,1714189741
493,salalah,17.0151,54.0924,28.05,78,20,0.51,OM,1714189742
494,san ignacio de velasco,-16.3667,-60.95,24.35,76,63,1.8,BO,1714189742
495,celestun,20.8667,-90.4,28.96,54,82,6.95,MX,1714189743
496,kuanda,56.3161,116.0806,2.26,43,98,3.74,RU,1714189743
497,ca mau,9.1769,105.15,37.49,38,62,4.53,VN,1714189496
498,port washington,40.8257,-73.6982,9.43,66,20,4.63,US,1714189744
499,laguna,38.421,-121.4238,15.99,79,0,2.57,US,1714189745
500,punta del este,-34.9667,-54.95,18.06,100,100,5.81,UY,1714189745
501,bandon,51.7469,-8.7425,3.77,91,76,3.69,IE,1714189746
502,cascais,38.6979,-9.4215,13.3,82,13,12.52,PT,1714189747
503,vilhena,-12.7406,-60.1458,21.27,96,57,1.47,BR,1714189748
504,quellon,-43.1167,-73.6167,4.43,81,16,3.28,CL,1714189749
505,kapa'a,22.0752,-159.319,26.99,75,75,7.72,US,1714189750
506,vodnyy,63.5046,53.4095,1.34,100,100,1.64,RU,1714189750
507,kyshtovka,56.555,76.6271,9.68,46,76,4.23,RU,1714189751
508,alo,7.4178,6.7371,26.17,91,100,1.59,NG,1714189751
509,atbasar,51.8,68.3333,10.19,35,20,2.74,KZ,1714189752
510,krasnaya yaruga,50.8008,35.6583,14.83,94,50,2.07,RU,1714189752
511,floro,61.5996,5.0328,3.98,81,100,3.09,NO,1714189753
512,maceio,-9.6658,-35.7353,25.69,88,40,1.54,BR,1714189753
513,mersa matruh,31.3525,27.2453,15.96,74,70,4.5,EG,1714189555
514,khovd,48.0056,91.6419,-2.37,86,100,3.57,MN,1714189698
515,qamdo,31.1667,97.2333,6.34,29,90,1.64,CN,1714189755
516,woolgoolga,-30.1106,153.2007,21.93,66,55,4.58,AU,1714189755
517,jianguang,28.1938,115.7836,28.48,65,25,1.82,CN,1714189489
518,olhao,37.0286,-7.8411,13.94,76,20,7.2,PT,1714189756
519,inhambane,-23.865,35.3833,21.99,94,40,0.0,MZ,1714189757
520,kas,36.2018,29.6377,20.69,39,100,2.94,TR,1714189757
521,siwa oasis,29.2041,25.5195,17.3,55,1,2.47,EG,1714189758
522,coquimbo,-29.9533,-71.3436,13.85,88,0,0.0,CL,1714189758
523,mammoth lakes,37.6485,-118.9721,1.0,72,40,4.12,US,1714189759
524,changnyeong,35.5415,128.4951,26.67,29,40,1.03,KR,1714189545
525,ulanhot,46.0833,122.0833,14.5,17,57,4.22,CN,1714189760
526,pacocha,-17.5833,-71.3333,19.53,82,58,0.94,PE,1714189760
527,nova sintra,14.8667,-24.7167,20.01,82,13,6.87,CV,1714189761
528,bandarbeyla,9.4942,50.8122,28.26,73,90,1.0,SO,1714189761
529,aras-asan,8.8908,126.3033,29.87,69,72,3.26,PH,1714189762
530,itoman,26.1247,127.6694,28.94,84,40,4.63,JP,1714189765
531,chibougamau,49.9168,-74.3659,2.79,56,0,1.54,CA,1714189767
532,tofol,5.3248,163.0078,25.88,89,100,2.57,FM,1714189768
533,sandnessjoen,66.0217,12.6316,-0.71,64,99,2.05,NO,1714189769
534,tshikapa,-6.4167,20.8,21.79,91,99,1.4,CD,1714189710
535,la passe,45.5549,-0.8967,10.55,92,83,6.45,FR,1714189771
536,punta cardon,11.6581,-70.215,26.76,82,100,9.9,VE,1714189771
537,ribeira brava,32.65,-17.0667,18.34,58,31,4.36,PT,1714189772
538,port douglas,-16.4833,145.4667,26.78,62,52,6.18,AU,1714189772
539,tosontsengel,48.7567,98.2839,-1.92,65,100,11.53,MN,1714189773
540,la'ie,21.6477,-157.9253,26.98,79,58,3.58,US,1714189774
541,selfoss,63.9331,-20.9971,1.84,70,0,4.73,IS,1714189774
542,tarawa,1.419,172.984,32.05,70,40,6.17,KI,1714189775
543,cooma,-36.2333,149.1333,18.24,31,0,3.05,AU,1714189775
544,terrace,54.5163,-128.6035,15.95,36,75,3.09,CA,1714189595
545,soe,-9.8607,124.284,25.79,68,47,4.07,ID,1714189739
546,"las vegas, santa barbara",36.175,-115.1372,15.71,63,75,10.28,US,1714189777
547,puerto libertad,-25.9164,-54.6209,25.05,81,16,1.34,AR,1714189777
548,labasa,-16.4167,179.3833,29.78,75,31,1.98,FJ,1714189778
549,port hedland,-20.3167,118.5667,33.03,38,1,8.23,AU,1714189517
550,chikhli,20.35,76.25,33.6,28,8,4.1,IN,1714189726
551,przemysl,49.785,22.7673,5.5,82,24,2.32,PL,1714189779
552,rabo de peixe,37.8,-25.5833,13.73,54,75,4.12,PT,1714189780
553,kudahuvadhoo,2.6708,72.8944,29.66,70,99,1.87,MV,1714189565
554,kangding,30.0513,101.9603,18.35,33,1,0.72,CN,1714189491
555,twon-brass,4.3151,6.2418,28.51,79,91,3.41,NG,1714189781
556,miranda,3.2499,-76.2281,21.07,96,100,0.82,CO,1714189782
557,santiago de cao,-7.9589,-79.2392,18.07,94,100,3.6,PE,1714189782
558,gutierrez zamora,20.45,-97.0833,25.33,92,95,4.45,MX,1714189783
559,nguigmi,14.2495,13.1092,28.33,22,98,3.89,NE,1714189783
560,ilhabela,-23.7781,-45.3581,22.67,93,62,3.62,BR,1714189566
561,cherepovets,59.1333,37.9,6.9,93,75,4.0,RU,1714189784
562,mar del plata,-38.0023,-57.5575,12.71,85,0,3.58,AR,1714189240
563,wapato,46.4476,-120.4203,16.42,53,40,3.09,US,1714189785
564,la gi,10.6667,107.7833,32.81,58,22,4.75,VN,1714189786
